<application>
  <component name="FeatureSuggesterSettings">
    <option name="workingDays">
      <list>
        <option value="1658060051685" />
        <option value="1658099110041" />
        <option value="1658572623598" />
        <option value="1658660062007" />
        <option value="1659370006747" />
        <option value="1659790907695" />
        <option value="1660415320750" />
        <option value="1660431657244" />
        <option value="1661457098388" />
        <option value="1662123919586" />
        <option value="1669481057165" />
        <option value="1677594686714" />
        <option value="1679161266331" />
        <option value="1682409233901" />
        <option value="1682681863860" />
        <option value="1682876921179" />
        <option value="1682895601478" />
        <option value="1683109722950" />
        <option value="1683196557021" />
        <option value="1683246977819" />
        <option value="1683408995704" />
        <option value="1684793976484" />
        <option value="1684796490023" />
      </list>
    </option>
  </component>
</application>